Age,Sex,Job,Housing,Saving accounts,Checking account,Credit amount,Duration,Predicted Purpose,Probabilities
22,M,2,Rent,Little,Little,15000,70,vacation/others,"{'car': 3.725350905196874e-23, 'radio/TV': 5.751031264989535e-28, 'furniture/equipment': 3.546287572547957e-30, 'business': 6.441885088534164e-22, 'education': 1.5537635346042567e-24, 'repairs': 8.81138177863525e-29, 'domestic appliances': 8.662974425455333e-64, 'vacation/others': 1.4724844800826675e-20}"
40,F,3,Own,Quite rich,Moderate,7500,35,car,"{'car': 2.2078519731068416e-17, 'radio/TV': 1.315281267277263e-18, 'furniture/equipment': 1.171142491277258e-18, 'business': 8.738915800392139e-18, 'education': 1.550814864290897e-18, 'repairs': 7.886950864686672e-20, 'domestic appliances': 5.169465995092907e-27, 'vacation/others': 2.892219319800376e-18}"
50,M,3,Own,Rich,Rich,1000,10,car,"{'car': 2.2882517779095375e-17, 'radio/TV': 1.2559709845987309e-17, 'furniture/equipment': 4.991570983873105e-18, 'business': 2.3465608609669494e-18, 'education': 4.157328478572452e-18, 'repairs': 6.52577563066288e-19, 'domestic appliances': 1.318135574497763e-18, 'vacation/others': 2.855298942815968e-19}"
